node,color
0,salmon
1,salmon
2,salmon
3,salmon
4,salmon
5,salmon
6,salmon
7,salmon
8,salmon
9,salmon
10,salmon
11,salmon
12,salmon
13,salmon
14,salmon
15,salmon
16,salmon
17,salmon
18,salmon
19,salmon
20,salmon
21,salmon
22,salmon
23,salmon
24,salmon
25,salmon
26,salmon
27,salmon
28,salmon
29,salmon
30,salmon
31,salmon
32,salmon
33,salmon
34,salmon
35,salmon
36,salmon
37,salmon
38,salmon
39,salmon
40,salmon
41,salmon
42,salmon
43,salmon
44,salmon
45,salmon
46,salmon
47,salmon
48,salmon
49,salmon
50,salmon
51,salmon
52,salmon
53,salmon
54,salmon
55,salmon
56,salmon
57,salmon
58,salmon
59,salmon
60,salmon
61,salmon
62,salmon
63,salmon
64,salmon
65,salmon
66,salmon
67,salmon
68,salmon
69,salmon
70,salmon
71,salmon
72,salmon
73,salmon
74,salmon
75,salmon
76,salmon
77,salmon
78,salmon
79,salmon
80,salmon
81,salmon
82,salmon
83,salmon
84,salmon
85,salmon
86,salmon
87,salmon
88,salmon
89,salmon
90,salmon
91,salmon
92,salmon
93,salmon
94,salmon
95,salmon
96,salmon
97,salmon
98,salmon
99,salmon
100,salmon
101,salmon
102,salmon
103,salmon
104,salmon
105,salmon
106,salmon
107,salmon
108,salmon
109,salmon
110,salmon
111,salmon
112,salmon
113,salmon
114,salmon
115,salmon
116,salmon
117,salmon
118,salmon
119,salmon
120,salmon
121,salmon
122,salmon
123,salmon
124,salmon
125,salmon
126,salmon
127,salmon
128,salmon
129,salmon
130,salmon
131,salmon
132,salmon
133,salmon
134,salmon
135,salmon
136,salmon
137,salmon
138,salmon
139,salmon
140,salmon
141,salmon
142,salmon
143,salmon
144,salmon
145,salmon
146,salmon
147,salmon
148,salmon
149,salmon
150,salmon
151,salmon
152,salmon
153,salmon
154,salmon
155,salmon
156,salmon
157,salmon
158,salmon
159,salmon
160,salmon
161,salmon
162,salmon
163,salmon
164,salmon
165,salmon
166,salmon
167,salmon
168,salmon
169,salmon
170,salmon
171,salmon
172,salmon
173,salmon
174,salmon
175,salmon
176,salmon
177,salmon
178,salmon
179,salmon
180,salmon
181,salmon
182,salmon
183,salmon
184,salmon
185,salmon
186,salmon
187,salmon
188,salmon
189,salmon
190,salmon
191,salmon
192,salmon
193,salmon
194,salmon
195,salmon
196,salmon
197,salmon
198,salmon
199,salmon
200,salmon
201,salmon
202,salmon
203,salmon
204,salmon
205,salmon
206,salmon
207,salmon
208,salmon
209,salmon
210,salmon
211,salmon
212,salmon
213,salmon
214,salmon
215,salmon
216,salmon
217,salmon
218,salmon
219,salmon
220,salmon
221,salmon
222,salmon
223,salmon
224,salmon
225,salmon
226,salmon
227,salmon
228,salmon
229,salmon
230,salmon
231,salmon
232,salmon
233,salmon
234,salmon
235,salmon
236,salmon
237,salmon
238,salmon
239,salmon
240,salmon
241,salmon
242,salmon
243,salmon
244,salmon
245,salmon
246,salmon
247,salmon
248,salmon
249,salmon
250,salmon
251,salmon
252,salmon
253,salmon
254,salmon
255,salmon
256,salmon
257,salmon
258,salmon
259,salmon
260,salmon
261,salmon
262,salmon
263,salmon
264,salmon
265,salmon
266,salmon
267,salmon
268,salmon
269,salmon
270,salmon
271,salmon
272,salmon
273,salmon
274,salmon
275,salmon
276,salmon
277,salmon
278,salmon
279,salmon
280,salmon
281,salmon
282,salmon
283,salmon
284,salmon
285,salmon
286,salmon
287,salmon
288,salmon
289,salmon
290,salmon
291,salmon
292,salmon
293,salmon
294,salmon
295,salmon
296,salmon
297,salmon
298,salmon
299,salmon
300,salmon
301,salmon
302,salmon
303,salmon
304,salmon
305,salmon
306,salmon
307,salmon
308,salmon
309,salmon
310,salmon
311,salmon
312,salmon
313,salmon
314,salmon
315,salmon
316,salmon
317,salmon
318,salmon
319,salmon
320,salmon
321,salmon
322,salmon
323,salmon
324,salmon
325,salmon
326,salmon
327,salmon
328,salmon
329,salmon
330,salmon
331,salmon
332,salmon
333,salmon
334,salmon
335,salmon
336,salmon
337,salmon
338,salmon
339,salmon
340,salmon
341,salmon
342,salmon
343,salmon
344,salmon
345,salmon
346,salmon
347,salmon
348,salmon
414,salmon
428,salmon
1684,salmon
1912,salmon
2814,salmon
2838,salmon
2885,salmon
3003,salmon
3173,salmon
3290,salmon
353,salmon
363,salmon
366,salmon
376,salmon
389,salmon
420,salmon
475,salmon
483,salmon
484,salmon
517,salmon
526,salmon
538,salmon
563,salmon
566,salmon
580,salmon
596,salmon
601,salmon
606,salmon
629,salmon
637,salmon
641,salmon
649,salmon
651,salmon
896,salmon
897,salmon
898,salmon
899,salmon
900,salmon
901,salmon
902,salmon
903,salmon
904,salmon
905,salmon
906,salmon
907,salmon
908,salmon
909,salmon
910,salmon
911,salmon
912,salmon
913,salmon
914,salmon
915,salmon
916,salmon
917,salmon
918,salmon
919,salmon
920,salmon
921,salmon
922,salmon
923,salmon
924,salmon
925,salmon
926,salmon
927,salmon
928,salmon
929,salmon
930,salmon
931,salmon
932,salmon
933,salmon
934,salmon
935,salmon
936,salmon
937,salmon
938,salmon
939,salmon
940,salmon
941,salmon
942,salmon
943,salmon
944,salmon
945,salmon
946,salmon
947,salmon
948,salmon
949,salmon
950,salmon
951,salmon
952,salmon
953,salmon
954,salmon
955,salmon
956,salmon
957,salmon
958,salmon
959,salmon
960,salmon
961,salmon
962,salmon
963,salmon
964,salmon
965,salmon
966,salmon
967,salmon
968,salmon
969,salmon
970,salmon
971,salmon
972,salmon
973,salmon
974,salmon
975,salmon
976,salmon
977,salmon
978,salmon
979,salmon
980,salmon
981,salmon
982,salmon
983,salmon
984,salmon
985,salmon
986,salmon
987,salmon
988,salmon
989,salmon
990,salmon
991,salmon
992,salmon
993,salmon
994,salmon
995,salmon
996,salmon
997,salmon
998,salmon
999,salmon
1000,salmon
1001,salmon
1002,salmon
1003,salmon
1004,salmon
1005,salmon
1006,salmon
1007,salmon
1008,salmon
1009,salmon
1010,salmon
1011,salmon
1012,salmon
1013,salmon
1014,salmon
1015,salmon
1016,salmon
1017,salmon
1018,salmon
1019,salmon
1020,salmon
1021,salmon
1022,salmon
1023,salmon
1024,salmon
1025,salmon
1026,salmon
1027,salmon
1028,salmon
1029,salmon
1030,salmon
1031,salmon
1032,salmon
1033,salmon
1034,salmon
1035,salmon
1036,salmon
1037,salmon
1038,salmon
1039,salmon
1040,salmon
1041,salmon
1042,salmon
1043,salmon
1044,salmon
1045,salmon
1046,salmon
1047,salmon
1048,salmon
1049,salmon
1050,salmon
1051,salmon
1052,salmon
1053,salmon
1054,salmon
1055,salmon
1056,salmon
1057,salmon
1058,salmon
1059,salmon
1060,salmon
1061,salmon
1062,salmon
1063,salmon
1064,salmon
1065,salmon
1066,salmon
1067,salmon
1068,salmon
1069,salmon
1070,salmon
1071,salmon
1072,salmon
1073,salmon
1074,salmon
1075,salmon
1076,salmon
1077,salmon
1078,salmon
1079,salmon
1080,salmon
1081,salmon
1082,salmon
1083,salmon
1084,salmon
1085,salmon
1086,salmon
1087,salmon
1088,salmon
1089,salmon
1090,salmon
1091,salmon
1092,salmon
1093,salmon
1094,salmon
1095,salmon
1096,salmon
1097,salmon
1098,salmon
1099,salmon
1100,salmon
1101,salmon
1102,salmon
1103,salmon
1104,salmon
1105,salmon
1106,salmon
1107,salmon
1108,salmon
1109,salmon
1110,salmon
1111,salmon
1112,salmon
1113,salmon
1114,salmon
1115,salmon
1116,salmon
1117,salmon
1118,salmon
1119,salmon
1120,salmon
1121,salmon
1122,salmon
1123,salmon
1124,salmon
1125,salmon
1126,salmon
1127,salmon
1128,salmon
1129,salmon
1130,salmon
1131,salmon
1132,salmon
1133,salmon
1134,salmon
1135,salmon
1136,salmon
1137,salmon
1138,salmon
1139,salmon
1140,salmon
1141,salmon
1142,salmon
1143,salmon
1144,salmon
1145,salmon
1146,salmon
1147,salmon
1148,salmon
1149,salmon
1150,salmon
1151,salmon
1152,salmon
1153,salmon
1154,salmon
1155,salmon
1156,salmon
1157,salmon
1158,salmon
1159,salmon
1160,salmon
1161,salmon
1162,salmon
1163,salmon
1164,salmon
1165,salmon
1166,salmon
1167,salmon
1168,salmon
1169,salmon
1170,salmon
1171,salmon
1172,salmon
1173,salmon
1174,salmon
1175,salmon
1176,salmon
1177,salmon
1178,salmon
1179,salmon
1180,salmon
1181,salmon
1182,salmon
1183,salmon
1184,salmon
1185,salmon
1186,salmon
1187,salmon
1188,salmon
1189,salmon
1190,salmon
1191,salmon
1192,salmon
1193,salmon
1194,salmon
1195,salmon
1196,salmon
1197,salmon
1198,salmon
1199,salmon
1200,salmon
1201,salmon
1202,salmon
1203,salmon
1204,salmon
1205,salmon
1206,salmon
1207,salmon
1208,salmon
1209,salmon
1210,salmon
1211,salmon
1212,salmon
1213,salmon
1214,salmon
1215,salmon
1216,salmon
1217,salmon
1218,salmon
1219,salmon
1220,salmon
1221,salmon
1222,salmon
1223,salmon
1224,salmon
1225,salmon
1226,salmon
1227,salmon
1228,salmon
1229,salmon
1230,salmon
1231,salmon
1232,salmon
1233,salmon
1234,salmon
1235,salmon
1236,salmon
1237,salmon
1238,salmon
1239,salmon
1240,salmon
1241,salmon
1242,salmon
1243,salmon
1244,salmon
1245,salmon
1246,salmon
1247,salmon
1248,salmon
1249,salmon
1250,salmon
1251,salmon
1252,salmon
1253,salmon
1254,salmon
1255,salmon
1256,salmon
1257,salmon
1258,salmon
1259,salmon
1260,salmon
1261,salmon
1262,salmon
1263,salmon
1264,salmon
1265,salmon
1266,salmon
1267,salmon
1268,salmon
1269,salmon
1270,salmon
1271,salmon
1272,salmon
1273,salmon
1274,salmon
1275,salmon
1276,salmon
1277,salmon
1278,salmon
1279,salmon
1280,salmon
1281,salmon
1282,salmon
1283,salmon
1284,salmon
1285,salmon
1286,salmon
1287,salmon
1288,salmon
1289,salmon
1290,salmon
1291,salmon
1292,salmon
1293,salmon
1294,salmon
1295,salmon
1296,salmon
1297,salmon
1298,salmon
1299,salmon
1300,salmon
1301,salmon
1302,salmon
1303,salmon
1304,salmon
1305,salmon
1306,salmon
1307,salmon
1308,salmon
1309,salmon
1310,salmon
1311,salmon
1312,salmon
1313,salmon
1314,salmon
1315,salmon
1316,salmon
1317,salmon
1318,salmon
1319,salmon
1320,salmon
1321,salmon
1322,salmon
1323,salmon
1324,salmon
1325,salmon
1326,salmon
1327,salmon
1328,salmon
1329,salmon
1330,salmon
1331,salmon
1332,salmon
1333,salmon
1334,salmon
1335,salmon
1336,salmon
1337,salmon
1338,salmon
1339,salmon
1340,salmon
1341,salmon
1342,salmon
1343,salmon
1344,salmon
1345,salmon
1346,salmon
1347,salmon
1348,salmon
1349,salmon
1350,salmon
1351,salmon
1352,salmon
1353,salmon
1354,salmon
1355,salmon
1356,salmon
1357,salmon
1358,salmon
1359,salmon
1360,salmon
1361,salmon
1362,salmon
1363,salmon
1364,salmon
1365,salmon
1366,salmon
1367,salmon
1368,salmon
1369,salmon
1370,salmon
1371,salmon
1372,salmon
1373,salmon
1374,salmon
1375,salmon
1376,salmon
1377,salmon
1378,salmon
1379,salmon
1380,salmon
1381,salmon
1382,salmon
1383,salmon
1384,salmon
1385,salmon
1386,salmon
1387,salmon
1388,salmon
1389,salmon
1390,salmon
1391,salmon
1392,salmon
1393,salmon
1394,salmon
1395,salmon
1396,salmon
1397,salmon
1398,salmon
1399,salmon
1400,salmon
1401,salmon
1402,salmon
1403,salmon
1404,salmon
1405,salmon
1406,salmon
1407,salmon
1408,salmon
1409,salmon
1410,salmon
1411,salmon
1412,salmon
1413,salmon
1414,salmon
1415,salmon
1416,salmon
1417,salmon
1418,salmon
1419,salmon
1420,salmon
1421,salmon
1422,salmon
1423,salmon
1424,salmon
1425,salmon
1426,salmon
1427,salmon
1428,salmon
1429,salmon
1430,salmon
1431,salmon
1432,salmon
1433,salmon
1434,salmon
1435,salmon
1436,salmon
1437,salmon
1438,salmon
1439,salmon
1440,salmon
1441,salmon
1442,salmon
1443,salmon
1444,salmon
1445,salmon
1446,salmon
1447,salmon
1448,salmon
1449,salmon
1450,salmon
1451,salmon
1452,salmon
1453,salmon
1454,salmon
1455,salmon
1456,salmon
1457,salmon
1458,salmon
1459,salmon
1460,salmon
1461,salmon
1462,salmon
1463,salmon
1464,salmon
1465,salmon
1466,salmon
1467,salmon
1468,salmon
1469,salmon
1470,salmon
1471,salmon
1472,salmon
1473,salmon
1474,salmon
1475,salmon
1476,salmon
1477,salmon
1478,salmon
1479,salmon
1480,salmon
1481,salmon
1482,salmon
1483,salmon
1484,salmon
1485,salmon
1486,salmon
1487,salmon
1488,salmon
1489,salmon
1490,salmon
1491,salmon
1492,salmon
1493,salmon
1494,salmon
1495,salmon
1496,salmon
1497,salmon
1498,salmon
1499,salmon
1500,salmon
1501,salmon
1502,salmon
1503,salmon
1504,salmon
1505,salmon
1506,salmon
1507,salmon
1508,salmon
1509,salmon
1510,salmon
1511,salmon
1512,salmon
1513,salmon
1514,salmon
1515,salmon
1516,salmon
1517,salmon
1518,salmon
1519,salmon
1520,salmon
1521,salmon
1522,salmon
1523,salmon
1524,salmon
1525,salmon
1526,salmon
1527,salmon
1528,salmon
1529,salmon
1530,salmon
1531,salmon
1532,salmon
1533,salmon
1534,salmon
1535,salmon
1536,salmon
1537,salmon
1538,salmon
1539,salmon
1540,salmon
1541,salmon
1542,salmon
1543,salmon
1544,salmon
1545,salmon
1546,salmon
1547,salmon
1548,salmon
1549,salmon
1550,salmon
1551,salmon
1552,salmon
1553,salmon
1554,salmon
1555,salmon
1556,salmon
1557,salmon
1558,salmon
1559,salmon
1560,salmon
1561,salmon
1562,salmon
1563,salmon
1564,salmon
1565,salmon
1566,salmon
1567,salmon
1568,salmon
1569,salmon
1570,salmon
1571,salmon
1572,salmon
1573,salmon
1574,salmon
1575,salmon
1576,salmon
1577,salmon
1578,salmon
1579,salmon
1580,salmon
1581,salmon
1582,salmon
1583,salmon
1584,salmon
1585,salmon
1586,salmon
1587,salmon
1588,salmon
1589,salmon
1590,salmon
1591,salmon
1592,salmon
1593,salmon
1594,salmon
1595,salmon
1596,salmon
1597,salmon
1598,salmon
1599,salmon
1600,salmon
1601,salmon
1602,salmon
1603,salmon
1604,salmon
1605,salmon
1606,salmon
1607,salmon
1608,salmon
1609,salmon
1610,salmon
1611,salmon
1612,salmon
1613,salmon
1614,salmon
1615,salmon
1616,salmon
1617,salmon
1618,salmon
1619,salmon
1620,salmon
1621,salmon
1622,salmon
1623,salmon
1624,salmon
1625,salmon
1626,salmon
1627,salmon
1628,salmon
1629,salmon
1630,salmon
1631,salmon
1632,salmon
1633,salmon
1634,salmon
1635,salmon
1636,salmon
1637,salmon
1638,salmon
1639,salmon
1640,salmon
1641,salmon
1642,salmon
1643,salmon
1644,salmon
1645,salmon
1646,salmon
1647,salmon
1648,salmon
1649,salmon
1650,salmon
1651,salmon
1652,salmon
1653,salmon
1654,salmon
1655,salmon
1656,salmon
1657,salmon
1658,salmon
1659,salmon
1660,salmon
1661,salmon
1662,salmon
1663,salmon
1664,salmon
1665,salmon
1666,salmon
1667,salmon
1668,salmon
1669,salmon
1670,salmon
1671,salmon
1672,salmon
1673,salmon
1674,salmon
1675,salmon
1676,salmon
1677,salmon
1678,salmon
1679,salmon
1680,salmon
1681,salmon
1682,salmon
1683,salmon
1685,salmon
1686,salmon
1687,salmon
1688,salmon
1689,salmon
1690,salmon
1691,salmon
1692,salmon
1693,salmon
1694,salmon
1695,salmon
1696,salmon
1697,salmon
1698,salmon
1699,salmon
1700,salmon
1701,salmon
1702,salmon
1703,salmon
1704,salmon
1705,salmon
1706,salmon
1707,salmon
1708,salmon
1709,salmon
1710,salmon
1711,salmon
1712,salmon
1713,salmon
1714,salmon
1715,salmon
1716,salmon
1717,salmon
1718,salmon
1719,salmon
1720,salmon
1721,salmon
1722,salmon
1723,salmon
1724,salmon
1725,salmon
1726,salmon
1727,salmon
1728,salmon
1729,salmon
1730,salmon
1731,salmon
1732,salmon
1733,salmon
1734,salmon
1735,salmon
1736,salmon
1737,salmon
1738,salmon
1739,salmon
1740,salmon
1741,salmon
1742,salmon
1743,salmon
1744,salmon
1745,salmon
1746,salmon
1747,salmon
1748,salmon
1749,salmon
1750,salmon
1751,salmon
1752,salmon
1753,salmon
1754,salmon
1755,salmon
1756,salmon
1757,salmon
1758,salmon
1759,salmon
1760,salmon
1761,salmon
1762,salmon
1763,salmon
1764,salmon
1765,salmon
1766,salmon
1767,salmon
1768,salmon
1769,salmon
1770,salmon
1771,salmon
1772,salmon
1773,salmon
1774,salmon
1775,salmon
1776,salmon
1777,salmon
1778,salmon
1779,salmon
1780,salmon
1781,salmon
1782,salmon
1783,salmon
1784,salmon
1785,salmon
1786,salmon
1787,salmon
1788,salmon
1789,salmon
1790,salmon
1791,salmon
1792,salmon
1793,salmon
1794,salmon
1795,salmon
1796,salmon
1797,salmon
1798,salmon
1799,salmon
1800,salmon
1801,salmon
1802,salmon
1803,salmon
1804,salmon
1805,salmon
1806,salmon
1807,salmon
1808,salmon
1809,salmon
1810,salmon
1811,salmon
1812,salmon
1813,salmon
1814,salmon
1815,salmon
1816,salmon
1817,salmon
1818,salmon
1819,salmon
1820,salmon
1821,salmon
1822,salmon
1823,salmon
1824,salmon
1825,salmon
1826,salmon
1827,salmon
1828,salmon
1829,salmon
1830,salmon
1831,salmon
1832,salmon
1833,salmon
1834,salmon
1835,salmon
1836,salmon
1837,salmon
1838,salmon
1839,salmon
1840,salmon
1841,salmon
1842,salmon
1843,salmon
1844,salmon
1845,salmon
1846,salmon
1847,salmon
1848,salmon
1849,salmon
1850,salmon
1851,salmon
1852,salmon
1853,salmon
1854,salmon
1855,salmon
1856,salmon
1857,salmon
1858,salmon
1859,salmon
1860,salmon
1861,salmon
1862,salmon
1863,salmon
1864,salmon
1865,salmon
1866,salmon
1867,salmon
1868,salmon
1869,salmon
1870,salmon
1871,salmon
1872,salmon
1873,salmon
1874,salmon
1875,salmon
1876,salmon
1877,salmon
1878,salmon
1879,salmon
1880,salmon
1881,salmon
1882,salmon
1883,salmon
1884,salmon
1885,salmon
1886,salmon
1887,salmon
1888,salmon
1889,salmon
1890,salmon
1891,salmon
1892,salmon
1893,salmon
1894,salmon
1895,salmon
1896,salmon
1897,salmon
1898,salmon
1899,salmon
1900,salmon
1901,salmon
1902,salmon
1903,salmon
1904,salmon
1905,salmon
1906,salmon
1907,salmon
1908,salmon
1909,salmon
1910,salmon
1911,salmon
1926,salmon
1932,salmon
1939,salmon
1945,salmon
1951,salmon
1955,salmon
1972,salmon
1973,salmon
1976,salmon
1991,salmon
1995,salmon
1998,salmon
2001,salmon
2004,salmon
2007,salmon
2009,salmon
2018,salmon
2024,salmon
2027,salmon
2032,salmon
2038,salmon
2039,salmon
2042,salmon
2054,salmon
2068,salmon
2071,salmon
2072,salmon
2081,salmon
2102,salmon
2111,salmon
2116,salmon
2117,salmon
2127,salmon
2128,salmon
2133,salmon
2135,salmon
2138,salmon
2143,salmon
2153,salmon
2157,salmon
2171,salmon
2174,salmon
2180,salmon
2183,salmon
2187,salmon
2189,salmon
2199,salmon
2203,salmon
2223,salmon
2224,salmon
2225,salmon
2247,salmon
2250,salmon
2254,salmon
2264,salmon
2267,salmon
2268,salmon
2279,salmon
2283,salmon
2284,salmon
2289,salmon
2292,salmon
2302,salmon
2319,salmon
2327,salmon
2336,salmon
2337,salmon
2364,salmon
2378,salmon
2384,salmon
2398,salmon
2417,salmon
2436,salmon
2445,salmon
2447,salmon
2451,salmon
2458,salmon
2459,salmon
2461,salmon
2463,salmon
2471,salmon
2472,salmon
2475,salmon
2491,salmon
2494,salmon
2498,salmon
2502,salmon
2508,salmon
2510,salmon
2511,salmon
2529,salmon
2533,salmon
2538,salmon
2543,salmon
2547,salmon
2571,salmon
2583,salmon
2589,salmon
2598,salmon
2617,salmon
2629,salmon
2635,salmon
2636,salmon
2640,salmon
2643,salmon
2647,salmon
2649,salmon
2653,salmon
2660,salmon
2704,salmon
2740,salmon
427,salmon
464,salmon
549,salmon
351,salmon
364,salmon
393,salmon
399,salmon
441,salmon
476,salmon
501,salmon
564,salmon
349,salmon
350,salmon
352,salmon
354,salmon
355,salmon
356,salmon
357,salmon
358,lightblue
359,salmon
360,salmon
361,salmon
362,salmon
365,salmon
367,salmon
368,salmon
369,salmon
370,salmon
371,salmon
372,salmon
373,salmon
374,salmon
375,salmon
377,salmon
378,salmon
379,salmon
380,salmon
381,salmon
382,salmon
383,salmon
384,salmon
385,salmon
386,salmon
387,salmon
388,salmon
390,salmon
391,salmon
392,salmon
394,salmon
395,salmon
396,salmon
397,salmon
398,salmon
400,salmon
401,salmon
402,salmon
403,salmon
404,salmon
405,salmon
406,salmon
407,salmon
408,salmon
409,salmon
410,salmon
411,salmon
412,salmon
413,salmon
415,salmon
416,salmon
417,salmon
418,salmon
419,salmon
421,salmon
422,salmon
423,salmon
424,salmon
425,salmon
426,salmon
429,salmon
430,salmon
431,salmon
432,salmon
433,salmon
434,salmon
435,salmon
436,salmon
437,salmon
438,salmon
439,salmon
440,salmon
442,salmon
443,salmon
444,salmon
445,salmon
446,salmon
447,salmon
448,salmon
449,salmon
450,salmon
451,salmon
452,salmon
453,salmon
454,salmon
455,salmon
456,salmon
457,salmon
458,salmon
459,salmon
460,salmon
461,salmon
462,salmon
463,salmon
465,salmon
466,salmon
467,salmon
468,salmon
469,salmon
470,salmon
471,salmon
472,salmon
473,salmon
474,salmon
477,salmon
478,salmon
479,salmon
480,salmon
481,salmon
482,salmon
485,salmon
486,salmon
487,salmon
488,salmon
489,salmon
490,salmon
491,salmon
492,salmon
493,salmon
494,salmon
495,salmon
496,salmon
497,salmon
498,salmon
499,salmon
500,salmon
502,salmon
503,salmon
504,salmon
505,salmon
506,salmon
507,salmon
508,salmon
509,salmon
510,salmon
511,salmon
512,salmon
513,salmon
514,salmon
515,salmon
516,salmon
518,salmon
519,salmon
520,salmon
521,salmon
522,salmon
523,salmon
524,salmon
525,salmon
527,salmon
528,salmon
529,salmon
530,salmon
531,salmon
532,salmon
533,salmon
534,salmon
535,salmon
536,salmon
537,salmon
539,salmon
540,salmon
541,salmon
542,salmon
543,salmon
544,salmon
545,salmon
546,salmon
547,salmon
548,salmon
550,salmon
551,salmon
552,salmon
553,salmon
554,salmon
555,salmon
556,salmon
557,salmon
558,salmon
559,salmon
560,salmon
561,salmon
562,salmon
565,salmon
567,salmon
568,salmon
569,salmon
570,salmon
571,salmon
572,salmon
591,salmon
656,salmon
669,salmon
604,salmon
645,salmon
646,salmon
666,salmon
683,salmon
587,salmon
590,salmon
614,salmon
634,salmon
680,salmon
586,salmon
610,salmon
652,salmon
673,salmon
676,salmon
620,salmon
574,salmon
630,salmon
678,salmon
593,salmon
609,salmon
573,salmon
575,salmon
576,salmon
577,salmon
578,salmon
579,salmon
581,salmon
582,salmon
583,salmon
584,salmon
585,salmon
588,salmon
589,salmon
592,salmon
594,salmon
595,salmon
597,salmon
598,salmon
599,salmon
600,salmon
602,salmon
603,salmon
605,salmon
607,salmon
608,salmon
611,salmon
612,salmon
613,salmon
615,salmon
616,salmon
617,salmon
618,salmon
619,salmon
621,salmon
622,salmon
623,salmon
624,salmon
625,salmon
626,salmon
627,salmon
628,salmon
631,salmon
632,salmon
633,salmon
635,salmon
636,salmon
638,salmon
639,salmon
640,salmon
642,salmon
643,salmon
644,salmon
647,salmon
648,salmon
650,salmon
653,salmon
654,salmon
655,salmon
657,salmon
658,salmon
659,salmon
660,salmon
661,salmon
662,salmon
663,salmon
664,salmon
665,salmon
667,salmon
668,salmon
670,salmon
671,salmon
672,salmon
674,salmon
675,salmon
677,salmon
679,salmon
681,salmon
682,salmon
684,salmon
685,salmon
1967,salmon
3437,salmon
3454,salmon
3487,salmon
3723,salmon
3861,salmon
3961,salmon
3980,salmon
3989,salmon
4011,salmon
4031,salmon
686,salmon
687,salmon
688,salmon
689,salmon
690,salmon
691,salmon
692,salmon
693,salmon
694,salmon
695,salmon
696,salmon
697,salmon
698,salmon
699,salmon
700,salmon
701,salmon
702,salmon
703,salmon
704,salmon
705,salmon
706,salmon
707,salmon
708,salmon
709,salmon
710,salmon
711,salmon
712,salmon
713,salmon
714,salmon
715,salmon
716,salmon
717,salmon
718,salmon
719,salmon
720,salmon
721,salmon
722,salmon
723,salmon
724,salmon
725,salmon
726,salmon
727,salmon
728,salmon
729,salmon
730,salmon
731,salmon
732,salmon
733,salmon
734,salmon
735,salmon
736,salmon
737,salmon
738,salmon
739,salmon
740,salmon
741,salmon
742,salmon
743,salmon
744,salmon
745,salmon
746,salmon
747,salmon
748,salmon
749,salmon
750,salmon
751,salmon
752,salmon
753,salmon
754,salmon
755,salmon
756,salmon
757,salmon
758,salmon
759,salmon
760,salmon
761,salmon
762,salmon
763,salmon
764,salmon
765,salmon
766,salmon
767,salmon
768,salmon
769,salmon
770,salmon
771,salmon
772,salmon
773,salmon
774,salmon
775,salmon
776,salmon
777,salmon
778,salmon
779,salmon
780,salmon
781,salmon
782,salmon
783,salmon
784,salmon
785,salmon
786,salmon
787,salmon
788,salmon
789,salmon
790,salmon
791,salmon
792,salmon
793,salmon
794,salmon
795,salmon
796,salmon
797,salmon
798,salmon
799,salmon
800,salmon
801,salmon
802,salmon
803,salmon
804,salmon
805,salmon
806,salmon
807,salmon
808,salmon
809,salmon
810,salmon
811,salmon
812,salmon
813,salmon
814,salmon
815,salmon
816,salmon
817,salmon
818,salmon
819,salmon
820,salmon
821,salmon
822,salmon
823,salmon
824,salmon
825,salmon
826,salmon
827,salmon
828,salmon
829,salmon
830,salmon
831,salmon
832,salmon
833,salmon
834,salmon
835,salmon
836,salmon
837,salmon
838,salmon
839,salmon
840,salmon
841,salmon
842,salmon
843,salmon
844,salmon
845,salmon
846,salmon
847,salmon
848,salmon
849,salmon
850,salmon
851,salmon
852,salmon
853,salmon
854,salmon
855,salmon
856,salmon
890,salmon
857,salmon
858,salmon
859,salmon
860,salmon
861,salmon
862,salmon
863,salmon
864,salmon
865,salmon
866,salmon
867,salmon
868,salmon
869,salmon
870,salmon
871,salmon
872,salmon
873,salmon
874,salmon
875,lightblue
876,salmon
877,salmon
878,salmon
879,salmon
880,salmon
881,salmon
882,salmon
883,lightblue
884,salmon
885,salmon
886,salmon
887,salmon
888,salmon
889,salmon
891,salmon
892,salmon
893,salmon
894,salmon
895,salmon
3456,salmon
3495,salmon
3586,salmon
3621,salmon
3626,salmon
3797,salmon
3501,salmon
3517,salmon
3550,salmon
3577,salmon
3592,salmon
3609,salmon
3633,salmon
3677,salmon
3684,salmon
3721,salmon
3779,salmon
3872,salmon
3948,salmon
2678,salmon
2760,salmon
2822,salmon
2883,salmon
2941,salmon
2968,salmon
3005,salmon
3057,salmon
3136,salmon
3164,salmon
3222,salmon
3245,salmon
3248,salmon
3263,salmon
3278,salmon
3328,salmon
3361,salmon
3440,salmon
3525,salmon
3540,salmon
3556,salmon
3561,salmon
3651,salmon
3674,salmon
3692,salmon
3741,salmon
3750,salmon
3756,salmon
3830,salmon
3851,salmon
3877,salmon
3886,salmon
3943,salmon
3962,salmon
2677,salmon
2826,salmon
2724,salmon
2752,salmon
2775,salmon
2869,salmon
2892,salmon
2962,salmon
3001,salmon
3019,salmon
3100,salmon
3162,salmon
3168,salmon
3233,salmon
3295,salmon
3304,salmon
3331,salmon
3366,salmon
3404,salmon
3406,salmon
3412,salmon
2813,salmon
2971,salmon
3034,salmon
3178,salmon
3410,salmon
3420,salmon
2976,salmon
3011,salmon
3179,salmon
3289,salmon
1920,salmon
1941,salmon
1948,salmon
1959,salmon
2028,salmon
2047,salmon
2053,salmon
2065,salmon
2087,salmon
2125,salmon
2132,salmon
2134,salmon
2148,salmon
2149,salmon
2169,salmon
2191,salmon
2194,salmon
2196,salmon
2198,salmon
2239,salmon
2266,salmon
2282,salmon
2285,salmon
2293,salmon
2315,salmon
2328,salmon
2332,salmon
2333,salmon
2338,salmon
2347,salmon
2351,salmon
2368,salmon
2372,salmon
2385,salmon
2399,salmon
2420,salmon
2496,salmon
2501,salmon
2509,salmon
2512,salmon
2516,salmon
2530,salmon
2542,salmon
2555,salmon
2567,salmon
2592,salmon
2597,salmon
2608,salmon
2642,salmon
2725,salmon
2734,salmon
2764,salmon
2964,salmon
3020,salmon
3062,salmon
3079,salmon
3165,salmon
3205,salmon
3258,salmon
3386,salmon
3409,salmon
2693,salmon
2979,salmon
3101,salmon
3265,salmon
3385,salmon
1913,salmon
1916,salmon
1940,salmon
1947,salmon
1954,salmon
1994,salmon
2002,salmon
2010,salmon
2026,salmon
2052,salmon
2062,salmon
2101,salmon
2137,salmon
2144,salmon
2151,salmon
2163,salmon
2176,salmon
2215,salmon
2241,salmon
2246,salmon
2273,salmon
2294,salmon
2295,salmon
2298,salmon
2343,salmon
2344,salmon
2355,salmon
2377,salmon
2389,salmon
2394,salmon
2413,salmon
2419,salmon
2465,salmon
2468,salmon
2519,salmon
2544,salmon
2582,salmon
2588,salmon
2594,salmon
2605,salmon
2609,salmon
2616,salmon
2903,salmon
2938,salmon
2999,salmon
3201,salmon
3319,salmon
3355,salmon
3097,salmon
2707,salmon
3111,salmon
3186,salmon
2661,salmon
2662,salmon
2663,salmon
2664,salmon
2665,salmon
2666,salmon
2667,salmon
2668,salmon
2669,salmon
2670,salmon
2671,salmon
2672,salmon
2673,salmon
2674,salmon
2675,salmon
2676,salmon
2679,salmon
2680,salmon
2681,salmon
2682,salmon
2683,salmon
2684,salmon
2685,salmon
2686,salmon
2687,salmon
2688,salmon
2689,salmon
2690,salmon
2691,salmon
2692,salmon
2694,salmon
2695,salmon
2696,salmon
2697,salmon
2698,salmon
2699,salmon
2700,salmon
2701,salmon
2702,salmon
2703,salmon
2705,salmon
2706,salmon
2708,salmon
2709,salmon
2710,salmon
2711,salmon
2712,salmon
2713,salmon
2714,salmon
2715,salmon
2716,salmon
2717,salmon
2718,salmon
2719,salmon
2720,salmon
2721,salmon
2722,salmon
2723,salmon
2726,salmon
2727,salmon
2728,salmon
2729,salmon
2730,salmon
2731,salmon
2732,salmon
2733,salmon
2735,salmon
2736,salmon
2737,salmon
2738,salmon
2739,salmon
2741,salmon
2742,salmon
2743,salmon
2744,salmon
2745,salmon
2746,salmon
2747,salmon
2748,salmon
2749,salmon
2750,salmon
2751,salmon
2753,salmon
2754,salmon
2755,salmon
2756,salmon
2757,salmon
2758,salmon
2759,salmon
2761,salmon
2762,salmon
2763,salmon
2765,salmon
2766,salmon
2767,salmon
2768,salmon
2769,salmon
2770,salmon
2771,salmon
2772,salmon
2773,salmon
2774,salmon
2776,salmon
2777,salmon
2778,salmon
2779,salmon
2780,salmon
2781,salmon
2782,salmon
2783,salmon
2784,salmon
2785,salmon
2786,salmon
2787,salmon
2788,salmon
2789,salmon
2790,salmon
2791,salmon
2792,salmon
2793,salmon
2794,salmon
2795,salmon
2796,salmon
2797,salmon
2798,salmon
2799,salmon
2800,salmon
2801,salmon
2802,salmon
2803,salmon
2804,salmon
2805,salmon
2806,salmon
2807,salmon
2808,salmon
2809,salmon
2810,salmon
2811,salmon
2812,salmon
2815,salmon
2816,salmon
2817,salmon
2818,salmon
2819,salmon
2820,salmon
2821,salmon
2823,salmon
2824,salmon
2825,salmon
2827,salmon
2828,salmon
2829,salmon
2830,salmon
2831,salmon
2832,salmon
2833,salmon
2834,salmon
2835,salmon
2836,salmon
2837,salmon
2839,salmon
2840,salmon
2841,salmon
2842,salmon
2843,salmon
2844,salmon
2845,salmon
2846,salmon
2847,salmon
2848,salmon
2849,salmon
2850,salmon
2851,salmon
2852,salmon
2853,salmon
2854,salmon
2855,salmon
2856,salmon
2857,salmon
2858,salmon
2859,salmon
2860,salmon
2861,salmon
2862,salmon
2863,salmon
2864,salmon
2865,salmon
2866,salmon
2867,salmon
2868,salmon
2870,salmon
2871,salmon
2872,salmon
2873,salmon
2874,salmon
2875,salmon
2876,salmon
2877,salmon
2878,salmon
2879,salmon
2880,salmon
2881,salmon
2882,salmon
2884,salmon
2886,salmon
2887,salmon
2888,salmon
2889,salmon
2890,salmon
2891,salmon
2893,salmon
2894,salmon
2895,salmon
2896,salmon
2897,salmon
2898,salmon
2899,salmon
2900,salmon
2901,salmon
2902,salmon
2904,salmon
2905,salmon
2906,salmon
2907,salmon
2908,salmon
2909,salmon
2910,salmon
2911,salmon
2912,salmon
2913,salmon
2914,salmon
2915,salmon
2916,salmon
2917,salmon
2918,salmon
2919,salmon
2920,salmon
2921,salmon
2922,salmon
2923,salmon
2924,salmon
2925,salmon
2926,salmon
2927,salmon
2928,salmon
2929,salmon
2930,salmon
2931,salmon
2932,salmon
2933,salmon
2934,salmon
2935,salmon
2936,salmon
2937,salmon
2939,salmon
2940,salmon
2942,salmon
2943,salmon
2944,salmon
2945,salmon
2946,salmon
2947,salmon
2948,salmon
2949,salmon
2950,salmon
2951,salmon
2952,salmon
2953,salmon
2954,salmon
2955,salmon
2956,salmon
2957,salmon
2958,salmon
2959,salmon
2960,salmon
2961,salmon
2963,salmon
2965,salmon
2966,salmon
2967,salmon
2969,salmon
2970,salmon
2972,salmon
2973,salmon
2974,salmon
2975,salmon
2977,salmon
2978,salmon
2980,salmon
2981,salmon
2982,salmon
2983,salmon
2984,salmon
2985,salmon
2986,salmon
2987,salmon
2988,salmon
2989,salmon
2990,salmon
2991,salmon
2992,salmon
2993,salmon
2994,salmon
2995,salmon
2996,salmon
2997,salmon
2998,salmon
3000,salmon
3002,salmon
3004,salmon
3006,salmon
3007,salmon
3008,salmon
3009,salmon
3010,salmon
3012,salmon
3013,salmon
3014,salmon
3015,salmon
3016,salmon
3017,salmon
3018,salmon
3021,salmon
3022,salmon
3023,salmon
3024,salmon
3025,salmon
3026,salmon
3027,salmon
3028,salmon
3029,salmon
3030,salmon
3031,salmon
3032,salmon
3033,salmon
3035,salmon
3036,salmon
3037,salmon
3038,salmon
3039,salmon
3040,salmon
3041,salmon
3042,salmon
3043,salmon
3044,salmon
3045,salmon
3046,salmon
3047,salmon
3048,salmon
3049,salmon
3050,salmon
3051,salmon
3052,salmon
3053,salmon
3054,salmon
3055,salmon
3056,salmon
3058,salmon
3059,salmon
3060,salmon
3061,salmon
3063,salmon
3064,salmon
3065,salmon
3066,salmon
3067,salmon
3068,salmon
3069,salmon
3070,salmon
3071,salmon
3072,salmon
3073,salmon
3074,salmon
3075,salmon
3076,salmon
3077,salmon
3078,salmon
3080,salmon
3081,salmon
3082,salmon
3083,salmon
3084,salmon
3085,salmon
3086,salmon
3087,salmon
3088,salmon
3089,salmon
3090,salmon
3091,salmon
3092,salmon
3093,salmon
3094,salmon
3095,salmon
3096,salmon
3098,salmon
3099,salmon
3102,salmon
3103,salmon
3104,salmon
3105,salmon
3106,salmon
3107,salmon
3108,salmon
3109,salmon
3110,salmon
3112,salmon
3113,salmon
3114,salmon
3115,salmon
3116,salmon
3117,salmon
3118,salmon
3119,salmon
3120,salmon
3121,salmon
3122,salmon
3123,salmon
3124,salmon
3125,salmon
3126,salmon
3127,salmon
3128,salmon
3129,salmon
3130,salmon
3131,salmon
3132,salmon
3133,salmon
3134,salmon
3135,salmon
3137,salmon
3138,salmon
3139,salmon
3140,salmon
3141,salmon
3142,salmon
3143,salmon
3144,salmon
3145,salmon
3146,salmon
3147,salmon
3148,salmon
3149,salmon
3150,salmon
3151,salmon
3152,salmon
3153,salmon
3154,salmon
3155,salmon
3156,salmon
3157,salmon
3158,salmon
3159,salmon
3160,salmon
3161,salmon
3163,salmon
3166,salmon
3167,salmon
3169,salmon
3170,salmon
3171,salmon
3172,salmon
3174,salmon
3175,salmon
3176,salmon
3177,salmon
3180,salmon
3181,salmon
3182,salmon
3183,salmon
3184,salmon
3185,salmon
3187,salmon
3188,salmon
3189,salmon
3190,salmon
3191,salmon
3192,salmon
3193,salmon
3194,salmon
3195,salmon
3196,salmon
3197,salmon
3198,salmon
3199,salmon
3200,salmon
3202,salmon
3203,salmon
3204,salmon
3206,salmon
3207,salmon
3208,salmon
3209,salmon
3210,salmon
3211,salmon
3212,salmon
3213,salmon
3214,salmon
3215,salmon
3216,salmon
3217,salmon
3218,salmon
3219,salmon
3220,salmon
3221,salmon
3223,salmon
3224,salmon
3225,salmon
3226,salmon
3227,salmon
3228,salmon
3229,salmon
3230,lightblue
3231,salmon
3232,salmon
3234,salmon
3235,salmon
3236,salmon
3237,salmon
3238,salmon
3239,salmon
3240,salmon
3241,salmon
3242,salmon
3243,salmon
3244,salmon
3246,salmon
3247,salmon
3249,salmon
3250,salmon
3251,salmon
3252,salmon
3253,salmon
3254,salmon
3255,salmon
3256,salmon
3257,salmon
3259,salmon
3260,salmon
3261,salmon
3262,salmon
3264,salmon
3266,salmon
3267,salmon
3268,salmon
3269,salmon
3270,salmon
3271,salmon
3272,salmon
3273,salmon
3274,salmon
3275,salmon
3276,salmon
3277,salmon
3279,salmon
3280,salmon
3281,salmon
3282,salmon
3283,salmon
3284,salmon
3285,salmon
3286,salmon
3287,salmon
3288,salmon
3291,salmon
3292,salmon
3293,salmon
3294,salmon
3296,salmon
3297,salmon
3298,salmon
3299,salmon
3300,salmon
3301,salmon
3302,salmon
3303,salmon
3305,salmon
3306,salmon
3307,salmon
3308,salmon
3309,salmon
3310,salmon
3311,salmon
3312,salmon
3313,salmon
3314,salmon
3315,salmon
3316,salmon
3317,salmon
3318,salmon
3320,salmon
3321,salmon
3322,salmon
3323,salmon
3324,salmon
3325,salmon
3326,salmon
3327,salmon
3329,salmon
3330,salmon
3332,salmon
3333,salmon
3334,salmon
3335,salmon
3336,salmon
3337,salmon
3338,salmon
3339,salmon
3340,salmon
3341,salmon
3342,salmon
3343,salmon
3344,salmon
3345,salmon
3346,salmon
3347,salmon
3348,salmon
3349,salmon
3350,salmon
3351,salmon
3352,salmon
3353,salmon
3354,salmon
3356,salmon
3357,salmon
3358,salmon
3359,salmon
3360,salmon
3362,salmon
3363,salmon
3364,salmon
3365,salmon
3367,salmon
3368,salmon
3369,salmon
3370,salmon
3371,salmon
3372,salmon
3373,salmon
3374,salmon
3375,salmon
3376,salmon
3377,salmon
3378,salmon
3379,salmon
3380,salmon
3381,salmon
3382,salmon
3383,salmon
3384,salmon
3387,salmon
3388,salmon
3389,salmon
3390,salmon
3391,salmon
3392,salmon
3393,salmon
3394,salmon
3395,salmon
3396,salmon
3397,salmon
3398,salmon
3399,salmon
3400,salmon
3401,salmon
3402,salmon
3403,salmon
3405,salmon
3407,salmon
3408,salmon
3411,salmon
3413,salmon
3414,salmon
3415,salmon
3416,salmon
3417,salmon
3418,salmon
3419,salmon
3421,salmon
3422,salmon
3423,salmon
3424,salmon
3425,salmon
3426,salmon
3427,salmon
3428,salmon
3429,salmon
3430,salmon
3431,salmon
3432,salmon
3433,salmon
3434,salmon
3435,salmon
3436,salmon
2003,salmon
2031,salmon
2155,salmon
2185,salmon
2325,salmon
2330,salmon
1914,salmon
1915,salmon
1917,salmon
1918,salmon
1919,salmon
1921,salmon
1922,salmon
1923,salmon
1924,salmon
1925,salmon
1927,salmon
1928,salmon
1929,salmon
1930,salmon
1931,salmon
1933,salmon
1934,salmon
1935,salmon
1936,salmon
1937,salmon
1938,salmon
1942,salmon
1943,salmon
1944,salmon
1946,salmon
1949,salmon
1950,salmon
1952,salmon
1953,salmon
1956,salmon
1957,salmon
1958,salmon
1960,salmon
1961,salmon
1962,salmon
1963,salmon
1964,salmon
1965,salmon
1966,salmon
1968,salmon
1969,salmon
1970,salmon
1971,salmon
1974,salmon
1975,salmon
1977,salmon
1978,salmon
1979,salmon
1980,salmon
1981,salmon
1982,salmon
1983,salmon
1984,salmon
1985,salmon
1986,salmon
1987,salmon
1988,salmon
1989,salmon
1990,salmon
1992,salmon
1993,salmon
1996,salmon
1997,salmon
1999,salmon
2000,salmon
2005,salmon
2006,salmon
2008,salmon
2011,salmon
2012,salmon
2013,salmon
2014,salmon
2015,salmon
2016,salmon
2017,salmon
2019,salmon
2020,salmon
2021,salmon
2022,salmon
2023,salmon
2025,salmon
2029,salmon
2030,salmon
2033,salmon
2034,salmon
2035,salmon
2036,salmon
2037,salmon
2040,salmon
2041,salmon
2043,salmon
2044,salmon
2045,salmon
2046,salmon
2048,salmon
2049,salmon
2050,salmon
2051,salmon
2055,salmon
2056,salmon
2057,salmon
2058,salmon
2059,salmon
2060,salmon
2061,salmon
2063,salmon
2064,salmon
2066,salmon
2067,salmon
2069,salmon
2070,salmon
2073,salmon
2074,salmon
2075,salmon
2076,salmon
2077,salmon
2078,salmon
2079,salmon
2080,salmon
2082,salmon
2083,salmon
2084,salmon
2085,salmon
2086,salmon
2088,salmon
2089,salmon
2090,salmon
2091,salmon
2092,salmon
2093,salmon
2094,salmon
2095,salmon
2096,salmon
2097,salmon
2098,salmon
2099,salmon
2100,salmon
2103,salmon
2104,salmon
2105,salmon
2106,salmon
2107,salmon
2108,salmon
2109,salmon
2110,salmon
2112,salmon
2113,salmon
2114,salmon
2115,salmon
2118,salmon
2119,salmon
2120,salmon
2121,salmon
2122,salmon
2123,salmon
2124,salmon
2126,salmon
2129,salmon
2130,salmon
2131,salmon
2136,salmon
2139,salmon
2140,salmon
2141,salmon
2142,salmon
2145,salmon
2146,salmon
2147,salmon
2150,salmon
2152,salmon
2154,salmon
2156,salmon
2158,salmon
2159,salmon
2160,salmon
2161,salmon
2162,salmon
2164,salmon
2165,salmon
2166,salmon
2167,salmon
2168,salmon
2170,salmon
2172,salmon
2173,salmon
2175,salmon
2177,salmon
2178,salmon
2179,salmon
2181,salmon
2182,salmon
2184,salmon
2186,salmon
2188,salmon
2190,salmon
2192,salmon
2193,salmon
2195,salmon
2197,salmon
2200,salmon
2201,salmon
2202,salmon
2204,salmon
2205,salmon
2206,salmon
2207,salmon
2208,salmon
2209,salmon
2210,salmon
2211,salmon
2212,salmon
2213,salmon
2214,salmon
2216,salmon
2217,salmon
2218,salmon
2219,salmon
2220,salmon
2221,salmon
2222,salmon
2226,salmon
2227,salmon
2228,salmon
2229,salmon
2230,salmon
2231,salmon
2232,salmon
2233,salmon
2234,salmon
2235,salmon
2236,salmon
2237,salmon
2238,salmon
2240,salmon
2242,salmon
2243,salmon
2244,salmon
2245,salmon
2248,salmon
2249,salmon
2251,salmon
2252,salmon
2253,salmon
2255,salmon
2256,salmon
2257,salmon
2258,salmon
2259,salmon
2260,salmon
2261,salmon
2262,salmon
2263,salmon
2265,salmon
2269,salmon
2270,salmon
2271,salmon
2272,salmon
2274,salmon
2275,salmon
2276,salmon
2277,salmon
2278,salmon
2280,salmon
2281,salmon
2286,salmon
2287,salmon
2288,salmon
2290,salmon
2291,salmon
2296,salmon
2297,salmon
2299,salmon
2300,salmon
2301,salmon
2303,salmon
2304,salmon
2305,salmon
2306,salmon
2307,salmon
2308,salmon
2309,salmon
2310,salmon
2311,salmon
2312,salmon
2313,salmon
2314,salmon
2316,salmon
2317,salmon
2318,salmon
2320,salmon
2321,salmon
2322,salmon
2323,salmon
2324,salmon
2326,salmon
2329,salmon
2331,salmon
2334,salmon
2335,salmon
2339,salmon
2340,salmon
2341,salmon
2342,salmon
2345,salmon
2346,salmon
2348,salmon
2349,salmon
2350,salmon
2352,salmon
2353,salmon
2354,salmon
2356,salmon
2357,salmon
2358,salmon
2359,salmon
2360,salmon
2361,salmon
2362,salmon
2363,salmon
2365,salmon
2366,salmon
2367,salmon
2369,salmon
2370,salmon
2371,salmon
2373,salmon
2374,salmon
2375,salmon
2376,salmon
2379,salmon
2380,salmon
2381,salmon
2382,salmon
2383,salmon
2386,salmon
2387,salmon
2388,salmon
2390,salmon
2391,salmon
2392,salmon
2393,salmon
2395,salmon
2396,salmon
2397,salmon
2400,salmon
2401,salmon
2402,salmon
2403,salmon
2404,salmon
2405,salmon
2406,salmon
2407,salmon
2408,salmon
2409,salmon
2410,salmon
2411,salmon
2412,salmon
2414,salmon
2415,salmon
2416,salmon
2418,salmon
2421,salmon
2422,salmon
2423,salmon
2424,salmon
2425,salmon
2426,salmon
2427,salmon
2428,salmon
2429,salmon
2430,salmon
2431,salmon
2432,salmon
2433,salmon
2434,salmon
2435,salmon
2437,salmon
2438,salmon
2439,salmon
2440,salmon
2441,salmon
2442,salmon
2443,salmon
2444,salmon
2446,salmon
2448,salmon
2449,salmon
2450,salmon
2452,salmon
2453,salmon
2454,salmon
2455,salmon
2456,salmon
2457,salmon
2460,salmon
2462,salmon
2464,salmon
2466,salmon
2467,salmon
2469,salmon
2470,salmon
2473,salmon
2474,salmon
2476,salmon
2477,salmon
2478,salmon
2479,salmon
2480,salmon
2481,salmon
2482,salmon
2483,salmon
2484,salmon
2485,salmon
2486,salmon
2487,salmon
2488,salmon
2489,salmon
2490,salmon
2492,salmon
2493,salmon
2495,salmon
2497,salmon
2499,salmon
2500,salmon
2503,salmon
2504,salmon
2505,salmon
2506,salmon
2507,salmon
2513,salmon
2514,salmon
2515,salmon
2517,salmon
2518,salmon
2520,salmon
2521,salmon
2522,salmon
2523,salmon
2524,salmon
2525,salmon
2526,salmon
2527,salmon
2528,salmon
2531,salmon
2532,salmon
2534,salmon
2535,salmon
2536,salmon
2537,salmon
2539,salmon
2540,salmon
2541,salmon
2545,salmon
2546,salmon
2548,salmon
2549,salmon
2550,salmon
2551,salmon
2552,salmon
2553,salmon
2554,salmon
2556,salmon
2557,salmon
2558,salmon
2559,salmon
2560,salmon
2561,salmon
2562,salmon
2563,salmon
2564,salmon
2565,salmon
2566,salmon
2568,salmon
2569,salmon
2570,salmon
2572,salmon
2573,salmon
2574,salmon
2575,salmon
2576,salmon
2577,salmon
2578,salmon
2579,salmon
2580,salmon
2581,salmon
2584,salmon
2585,salmon
2586,salmon
2587,salmon
2590,salmon
2591,salmon
2593,salmon
2595,salmon
2596,salmon
2599,salmon
2600,salmon
2601,salmon
2602,salmon
2603,salmon
2604,salmon
2606,salmon
2607,salmon
2610,salmon
2611,salmon
2612,salmon
2613,salmon
2614,salmon
2615,salmon
2618,salmon
2619,salmon
2620,salmon
2621,salmon
2622,salmon
2623,salmon
2624,salmon
2625,salmon
2626,salmon
2627,salmon
2628,salmon
2630,salmon
2631,salmon
2632,salmon
2633,salmon
2634,salmon
2637,salmon
2638,salmon
2639,salmon
2641,salmon
2644,salmon
2645,salmon
2646,salmon
2648,salmon
2650,salmon
2651,salmon
2652,salmon
2654,salmon
2655,salmon
2656,salmon
2657,salmon
2658,salmon
2659,salmon
3438,salmon
3439,salmon
3441,salmon
3442,salmon
3443,salmon
3444,salmon
3445,salmon
3446,salmon
3447,salmon
3448,salmon
3449,salmon
3450,salmon
3451,salmon
3452,salmon
3453,salmon
3455,salmon
3457,salmon
3458,salmon
3459,salmon
3460,salmon
3461,salmon
3462,salmon
3463,salmon
3464,salmon
3465,salmon
3466,salmon
3467,salmon
3468,salmon
3469,salmon
3470,salmon
3471,salmon
3472,salmon
3473,salmon
3474,salmon
3475,salmon
3476,salmon
3477,salmon
3478,salmon
3479,salmon
3480,salmon
3481,salmon
3482,salmon
3483,salmon
3484,salmon
3485,salmon
3486,salmon
3488,salmon
3489,salmon
3490,salmon
3491,salmon
3492,salmon
3493,salmon
3494,salmon
3496,salmon
3497,salmon
3498,salmon
3499,salmon
3500,salmon
3502,salmon
3503,salmon
3504,salmon
3505,salmon
3506,salmon
3507,salmon
3508,salmon
3509,salmon
3510,salmon
3511,salmon
3512,salmon
3513,salmon
3514,salmon
3515,salmon
3516,salmon
3518,salmon
3519,salmon
3520,salmon
3521,salmon
3522,salmon
3523,salmon
3524,salmon
3526,salmon
3527,salmon
3528,salmon
3529,salmon
3530,salmon
3531,salmon
3532,salmon
3533,salmon
3534,salmon
3535,salmon
3536,salmon
3537,salmon
3538,salmon
3539,salmon
3541,salmon
3542,salmon
3543,salmon
3544,salmon
3545,salmon
3546,salmon
3547,salmon
3548,salmon
3549,salmon
3551,salmon
3552,salmon
3553,salmon
3554,salmon
3555,salmon
3557,salmon
3558,salmon
3559,salmon
3560,salmon
3562,salmon
3563,salmon
3564,salmon
3565,salmon
3566,salmon
3567,salmon
3568,salmon
3569,salmon
3570,salmon
3571,salmon
3572,salmon
3573,salmon
3574,salmon
3575,salmon
3576,salmon
3578,salmon
3579,salmon
3580,salmon
3581,salmon
3582,salmon
3583,salmon
3584,salmon
3585,salmon
3587,salmon
3588,salmon
3589,salmon
3590,salmon
3591,salmon
3593,salmon
3594,salmon
3595,salmon
3596,salmon
3597,salmon
3598,salmon
3599,salmon
3600,salmon
3601,salmon
3602,salmon
3603,salmon
3604,salmon
3605,salmon
3606,salmon
3607,salmon
3608,salmon
3610,salmon
3611,salmon
3612,salmon
3613,salmon
3614,salmon
3615,salmon
3616,salmon
3617,salmon
3618,salmon
3619,salmon
3620,salmon
3622,salmon
3623,salmon
3624,salmon
3625,salmon
3627,salmon
3628,salmon
3629,salmon
3630,salmon
3631,salmon
3632,salmon
3634,salmon
3635,salmon
3636,salmon
3637,salmon
3638,salmon
3639,salmon
3640,salmon
3641,salmon
3642,salmon
3643,salmon
3644,salmon
3645,salmon
3646,salmon
3647,salmon
3648,salmon
3649,salmon
3650,salmon
3652,salmon
3653,salmon
3654,salmon
3655,salmon
3656,salmon
3657,salmon
3658,salmon
3659,salmon
3660,salmon
3661,salmon
3662,salmon
3663,salmon
3664,salmon
3665,salmon
3666,salmon
3667,salmon
3668,salmon
3669,salmon
3670,salmon
3671,salmon
3672,salmon
3673,salmon
3675,salmon
3676,salmon
3678,salmon
3679,salmon
3680,salmon
3681,salmon
3682,salmon
3683,salmon
3685,salmon
3686,salmon
3687,salmon
3688,salmon
3689,salmon
3690,salmon
3691,salmon
3693,salmon
3694,salmon
3695,salmon
3696,salmon
3697,salmon
3698,salmon
3699,salmon
3700,salmon
3701,salmon
3702,salmon
3703,salmon
3704,salmon
3705,salmon
3706,salmon
3707,salmon
3708,salmon
3709,salmon
3710,salmon
3711,salmon
3712,salmon
3713,salmon
3714,salmon
3715,salmon
3716,salmon
3717,salmon
3718,salmon
3719,salmon
3720,salmon
3722,salmon
3724,salmon
3725,salmon
3726,salmon
3727,salmon
3728,salmon
3729,salmon
3730,salmon
3731,salmon
3732,salmon
3733,salmon
3734,salmon
3735,salmon
3736,salmon
3737,salmon
3738,salmon
3739,salmon
3740,salmon
3742,salmon
3743,salmon
3744,salmon
3745,salmon
3746,salmon
3747,salmon
3748,salmon
3749,salmon
3751,salmon
3752,salmon
3753,salmon
3754,salmon
3755,salmon
3757,salmon
3758,salmon
3759,salmon
3760,salmon
3761,salmon
3762,salmon
3763,salmon
3764,salmon
3765,salmon
3766,salmon
3767,salmon
3768,salmon
3769,salmon
3770,salmon
3771,salmon
3772,salmon
3773,salmon
3774,salmon
3775,salmon
3776,salmon
3777,salmon
3778,salmon
3780,salmon
3781,salmon
3782,salmon
3783,salmon
3784,salmon
3785,salmon
3786,salmon
3787,salmon
3788,salmon
3789,salmon
3790,salmon
3791,salmon
3792,salmon
3793,salmon
3794,salmon
3795,salmon
3796,salmon
3798,salmon
3799,salmon
3800,salmon
3801,salmon
3802,salmon
3803,salmon
3804,salmon
3805,salmon
3806,salmon
3807,salmon
3808,salmon
3809,salmon
3810,salmon
3811,salmon
3812,salmon
3813,salmon
3814,salmon
3815,salmon
3816,salmon
3817,salmon
3818,salmon
3819,salmon
3820,salmon
3821,salmon
3822,salmon
3823,salmon
3824,salmon
3825,salmon
3826,salmon
3827,salmon
3828,salmon
3829,salmon
3831,salmon
3832,salmon
3833,salmon
3834,salmon
3835,salmon
3836,salmon
3837,salmon
3838,salmon
3839,salmon
3840,salmon
3841,salmon
3842,salmon
3843,salmon
3844,salmon
3845,salmon
3846,salmon
3847,salmon
3848,salmon
3849,salmon
3850,salmon
3852,salmon
3853,salmon
3854,salmon
3855,salmon
3856,salmon
3857,salmon
3858,salmon
3859,salmon
3860,salmon
3862,salmon
3863,salmon
3864,salmon
3865,salmon
3866,salmon
3867,salmon
3868,salmon
3869,salmon
3870,salmon
3871,salmon
3873,salmon
3874,salmon
3875,salmon
3876,salmon
3878,salmon
3879,salmon
3880,salmon
3881,salmon
3882,salmon
3883,salmon
3884,salmon
3885,salmon
3887,salmon
3888,salmon
3889,salmon
3890,salmon
3891,salmon
3892,salmon
3893,salmon
3894,salmon
3895,salmon
3896,salmon
3897,salmon
3898,salmon
3899,salmon
3900,salmon
3901,salmon
3902,salmon
3903,salmon
3904,salmon
3905,salmon
3906,salmon
3907,salmon
3908,salmon
3909,salmon
3910,salmon
3911,salmon
3912,salmon
3913,salmon
3914,salmon
3915,salmon
3916,salmon
3917,salmon
3918,salmon
3919,salmon
3920,salmon
3921,salmon
3922,salmon
3923,salmon
3924,salmon
3925,salmon
3926,salmon
3927,salmon
3928,salmon
3929,salmon
3930,salmon
3931,salmon
3932,salmon
3933,salmon
3934,salmon
3935,salmon
3936,salmon
3937,salmon
3938,salmon
3939,salmon
3940,salmon
3941,salmon
3942,salmon
3944,salmon
3945,salmon
3946,salmon
3947,salmon
3949,salmon
3950,salmon
3951,salmon
3952,salmon
3953,salmon
3954,salmon
3955,salmon
3956,salmon
3957,salmon
3958,salmon
3959,salmon
3960,salmon
3963,salmon
3964,salmon
3965,salmon
3966,salmon
3967,salmon
3968,salmon
3969,salmon
3970,salmon
3971,salmon
3972,salmon
3973,salmon
3974,salmon
3975,salmon
3976,salmon
3977,salmon
3978,salmon
3979,salmon
3981,salmon
3982,salmon
3983,salmon
3984,salmon
3985,salmon
3986,salmon
3987,salmon
3988,salmon
3990,salmon
3991,salmon
3992,salmon
3993,salmon
3994,salmon
3995,salmon
3996,salmon
3997,salmon
3998,salmon
3999,salmon
4000,salmon
4001,salmon
4002,salmon
4003,salmon
4004,salmon
4005,salmon
4006,salmon
4007,salmon
4008,lightblue
4009,salmon
4010,salmon
4012,salmon
4013,salmon
4014,salmon
4015,lightblue
4016,salmon
4017,salmon
4018,salmon
4019,salmon
4020,salmon
4021,salmon
4022,salmon
4023,salmon
4024,lightblue
4025,salmon
4026,salmon
4027,salmon
4028,salmon
4029,lightblue
4030,salmon
4032,salmon
4033,salmon
4034,salmon
4035,salmon
4036,salmon
4037,salmon
4038,salmon
